"Taxa";"Env";"yield"
"5";"H0800310";"SW-AMPanel_2012_Davis_Dry";6202.2471910112
"6";"H0800310";"SW-AMPanel_2012_Davis_Irr";6010
"7";"H0800310";"SW-AMPanel_2013_Imperial_Irr";5120.7566920891
"8";"H0800310";"SW-AMPanel_2013_Imperial_Dry";4630.6265889038
"9";"9261";"SW-AMPanel_2012_Davis_Dry";7471.9101123595
"10";"9261";"SW-AMPanel_2012_Davis_Irr";6240
"11";"9261";"SW-AMPanel_2013_Imperial_Irr";6237.8495588455
"12";"9261";"SW-AMPanel_2013_Imperial_Dry";6259.1595633318
"13";"PENAWAWA";"SW-AMPanel_2012_Davis_Dry";7202.2471910112
"14";"PENAWAWA";"SW-AMPanel_2012_Davis_Irr";5300
"15";"PENAWAWA";"SW-AMPanel_2013_Imperial_Irr";4633.9913264543
"16";"PENAWAWA";"SW-AMPanel_2013_Imperial_Dry";4316.5844175265
"17";"SELKIRK";"SW-AMPanel_2012_Davis_Dry";3382.0224719101
"18";"SELKIRK";"SW-AMPanel_2012_Davis_Irr";2130
"21";"9232";"SW-AMPanel_2012_Davis_Dry";5337.0786516854
"22";"9232";"SW-AMPanel_2012_Davis_Irr";5100
"23";"9232";"SW-AMPanel_2013_Imperial_Irr";5699.4915507701
"24";"9232";"SW-AMPanel_2013_Imperial_Dry";4738.2981905189
"25";"CHOTEAU";"SW-AMPanel_2012_Davis_Dry";6359.5505617978
"26";"CHOTEAU";"SW-AMPanel_2012_Davis_Irr";6670
"33";"UI_LOCHSA";"SW-AMPanel_2012_Davis_Dry";4831.4606741573
"34";"UI_LOCHSA";"SW-AMPanel_2012_Davis_Irr";5320
"35";"UI_LOCHSA";"SW-AMPanel_2013_Imperial_Irr";6910.7970689397
"36";"UI_LOCHSA";"SW-AMPanel_2013_Imperial_Dry";4478.0918199492
"37";"LOUISE";"SW-AMPanel_2012_Davis_Dry";3044.9438202247
"38";"LOUISE";"SW-AMPanel_2012_Davis_Irr";3370
"45";"HR07024-5";"SW-AMPanel_2012_Davis_Dry";8651.6853932584
"46";"HR07024-5";"SW-AMPanel_2012_Davis_Irr";7030
"47";"HR07024-5";"SW-AMPanel_2013_Imperial_Irr";5268.8051443099
"48";"HR07024-5";"SW-AMPanel_2013_Imperial_Dry";3408.1052788994
"49";"TOM";"SW-AMPanel_2012_Davis_Dry";6955.0561797753
"50";"TOM";"SW-AMPanel_2012_Davis_Irr";5230
"51";"TOM";"SW-AMPanel_2013_Imperial_Irr";6305.1443098549
"52";"TOM";"SW-AMPanel_2013_Imperial_Dry";4193.2107073426
"53";"H0800080";"SW-AMPanel_2012_Davis_Dry";3505.6179775281
"54";"H0800080";"SW-AMPanel_2012_Davis_Irr";4080
"61";"ATTILA-1RSMA";"SW-AMPanel_2012_Davis_Dry";10235.95505618
"62";"ATTILA-1RSMA";"SW-AMPanel_2012_Davis_Irr";8200
"63";"ATTILA-1RSMA";"SW-AMPanel_2013_Imperial_Irr";6587.7822640945
"64";"ATTILA-1RSMA";"SW-AMPanel_2013_Imperial_Dry";4334.5296844624
"65";"9229";"SW-AMPanel_2012_Davis_Dry";8224.7191011236
"66";"9229";"SW-AMPanel_2012_Davis_Irr";8386
"67";"9229";"SW-AMPanel_2013_Imperial_Irr";6545.1622551219
"68";"9229";"SW-AMPanel_2013_Imperial_Dry";6097.6521609092
"69";"HOLLIS";"SW-AMPanel_2012_Davis_Dry";3561.797752809
"70";"HOLLIS";"SW-AMPanel_2012_Davis_Irr";3520
"73";"9258";"SW-AMPanel_2012_Davis_Dry";9438.202247191
"74";"9258";"SW-AMPanel_2012_Davis_Irr";6030
"75";"9258";"SW-AMPanel_2013_Imperial_Irr";5264.3188275759
"76";"9258";"SW-AMPanel_2013_Imperial_Dry";5204.8751308509
"77";"MN03358-4";"SW-AMPanel_2012_Davis_Dry";6752.808988764
"78";"MN03358-4";"SW-AMPanel_2012_Davis_Irr";4300
"97";"SD4181";"SW-AMPanel_2012_Davis_Dry";5426.9662921348
"98";"SD4181";"SW-AMPanel_2012_Davis_Irr";3580
"101";"HARVEST";"SW-AMPanel_2012_Davis_Dry";2831.4606741573
"102";"HARVEST";"SW-AMPanel_2012_Davis_Irr";3190
"105";"BRIGGS";"SW-AMPanel_2012_Davis_Dry";6359.5505617978
"106";"BRIGGS";"SW-AMPanel_2012_Davis_Irr";6028
"107";"BRIGGS";"SW-AMPanel_2013_Imperial_Irr";3676.1627037536
"108";"BRIGGS";"SW-AMPanel_2013_Imperial_Dry";4325.5570509945
"109";"AC_KARMA";"SW-AMPanel_2012_Davis_Dry";8067.4157303371
"110";"AC_KARMA";"SW-AMPanel_2012_Davis_Irr";7130
"111";"AC_KARMA";"SW-AMPanel_2013_Imperial_Irr";5883.4305368626
"112";"AC_KARMA";"SW-AMPanel_2013_Imperial_Dry";4819.0518917302
"121";"OXEN";"SW-AMPanel_2012_Davis_Dry";4573.0337078652
"122";"OXEN";"SW-AMPanel_2012_Davis_Irr";3790
"123";"OXEN";"SW-AMPanel_2013_Imperial_Irr";5546.9567818155
"124";"OXEN";"SW-AMPanel_2013_Imperial_Dry";4020.4875130851
"125";"THATCHER";"SW-AMPanel_2012_Davis_Dry";1426.9662921348
"126";"THATCHER";"SW-AMPanel_2012_Davis_Irr";1280
"133";"UC1643";"SW-AMPanel_2012_Davis_Dry";9146.0674157303
"134";"UC1643";"SW-AMPanel_2012_Davis_Irr";8740
"135";"UC1643";"SW-AMPanel_2013_Imperial_Irr";6664.0496485719
"136";"UC1643";"SW-AMPanel_2013_Imperial_Dry";7892.1788544938
"137";"JEROME";"SW-AMPanel_2012_Davis_Dry";7842.6966292135
"138";"JEROME";"SW-AMPanel_2012_Davis_Irr";8600
"139";"JEROME";"SW-AMPanel_2013_Imperial_Irr";6143.6369074323
"140";"JEROME";"SW-AMPanel_2013_Imperial_Dry";3809.6306265889
"141";"SD4189";"SW-AMPanel_2012_Davis_Dry";5876.404494382
"142";"SD4189";"SW-AMPanel_2012_Davis_Irr";5590
"145";"IDO582";"SW-AMPanel_2012_Davis_Dry";6191.0112359551
"146";"IDO582";"SW-AMPanel_2012_Davis_Irr";6030
"147";"IDO582";"SW-AMPanel_2013_Imperial_Irr";7256.2434574548
"148";"IDO582";"SW-AMPanel_2013_Imperial_Dry";3688.500074772
"149";"PI610750";"SW-AMPanel_2012_Davis_Dry";4921.3483146067
"150";"PI610750";"SW-AMPanel_2012_Davis_Irr";3520
"151";"PI610750";"SW-AMPanel_2013_Imperial_Irr";4636.2344848213
"152";"PI610750";"SW-AMPanel_2013_Imperial_Dry";3717.6611335427
"153";"POMERELLE";"SW-AMPanel_2012_Davis_Dry";3561.797752809
"154";"POMERELLE";"SW-AMPanel_2012_Davis_Irr";7230
"157";"NEWANA";"SW-AMPanel_2012_Davis_Dry";2056.1797752809
"158";"NEWANA";"SW-AMPanel_2012_Davis_Irr";3706
"173";"VIDA";"SW-AMPanel_2012_Davis_Dry";4157.3033707865
"174";"VIDA";"SW-AMPanel_2012_Davis_Irr";4980
"177";"SD4178";"SW-AMPanel_2012_Davis_Dry";6146.0674157303
"178";"SD4178";"SW-AMPanel_2012_Davis_Irr";5464
"179";"SD4178";"SW-AMPanel_2013_Imperial_Irr";4017.1227755346
"180";"SD4178";"SW-AMPanel_2013_Imperial_Dry";4105.7275310304
"181";"MN01333-A";"SW-AMPanel_2012_Davis_Dry";8202.2471910112
"182";"MN01333-A";"SW-AMPanel_2012_Davis_Irr";6050
"183";"MN01333-A";"SW-AMPanel_2013_Imperial_Irr";6816.5844175265
"184";"MN01333-A";"SW-AMPanel_2013_Imperial_Dry";5700.6131299536
"185";"CLEAR_WHITE_515";"SW-AMPanel_2012_Davis_Dry";8146.0674157303
"186";"CLEAR_WHITE_515";"SW-AMPanel_2012_Davis_Irr";6640
"187";"CLEAR_WHITE_515";"SW-AMPanel_2013_Imperial_Irr";5445.0800059818
"188";"CLEAR_WHITE_515";"SW-AMPanel_2013_Imperial_Dry";6185.8830566771
"193";"CDC_ALSASK";"SW-AMPanel_2012_Davis_Dry";5337.0786516854
"194";"CDC_ALSASK";"SW-AMPanel_2012_Davis_Irr";4120
"195";"CDC_ALSASK";"SW-AMPanel_2013_Imperial_Irr";3842.1564229101
"196";"CDC_ALSASK";"SW-AMPanel_2013_Imperial_Dry";3486.6158217437
"197";"UC896_5+10_LR34_YR18_YR5_GPC";"SW-AMPanel_2012_Davis_Dry";7292.1348314607
"198";"UC896_5+10_LR34_YR18_YR5_GPC";"SW-AMPanel_2012_Davis_Irr";5860
"199";"UC896_5+10_LR34_YR18_YR5_GPC";"SW-AMPanel_2013_Imperial_Irr";4649.6934350232
"200";"UC896_5+10_LR34_YR18_YR5_GPC";"SW-AMPanel_2013_Imperial_Dry";5797.0689397338
"201";"BERKUT";"SW-AMPanel_2012_Davis_Dry";8505.6179775281
"202";"BERKUT";"SW-AMPanel_2012_Davis_Irr";7130
"203";"BERKUT";"SW-AMPanel_2013_Imperial_Irr";6626.0405762425
"204";"BERKUT";"SW-AMPanel_2013_Imperial_Dry";5043.1184886097
"205";"SD4264";"SW-AMPanel_2012_Davis_Dry";8853.9325842697
"206";"SD4264";"SW-AMPanel_2012_Davis_Irr";7664
"207";"SD4264";"SW-AMPanel_2013_Imperial_Irr";3595.4090025422
"208";"SD4264";"SW-AMPanel_2013_Imperial_Dry";3071.6315238522
"209";"H0800103L";"SW-AMPanel_2012_Davis_Dry";4089.8876404494
"210";"H0800103L";"SW-AMPanel_2012_Davis_Irr";3820
"211";"H0800103L";"SW-AMPanel_2013_Imperial_Irr";4095.633318379
"212";"H0800103L";"SW-AMPanel_2013_Imperial_Dry";4570.0613129954
"213";"RL4137";"SW-AMPanel_2012_Davis_Dry";2764.0449438202
"214";"RL4137";"SW-AMPanel_2012_Davis_Irr";1990
"217";"SD4165";"SW-AMPanel_2012_Davis_Dry";5707.8651685393
"218";"SD4165";"SW-AMPanel_2012_Davis_Irr";6090
"221";"HR07005-3";"SW-AMPanel_2012_Davis_Dry";3483.1460674157
"222";"HR07005-3";"SW-AMPanel_2012_Davis_Irr";3180
"225";"JEFFERSON";"SW-AMPanel_2012_Davis_Dry";6719.1011235955
"226";"JEFFERSON";"SW-AMPanel_2012_Davis_Irr";7418
"229";"PT765";"SW-AMPanel_2012_Davis_Dry";5213.4831460674
"230";"PT765";"SW-AMPanel_2012_Davis_Irr";2040
"231";"PT765";"SW-AMPanel_2013_Imperial_Irr";4272.8428293704
"232";"PT765";"SW-AMPanel_2013_Imperial_Dry";3345.2968446239
"233";"ATTILA-1RS";"SW-AMPanel_2012_Davis_Dry";9000
"234";"ATTILA-1RS";"SW-AMPanel_2012_Davis_Irr";7850
"235";"ATTILA-1RS";"SW-AMPanel_2013_Imperial_Irr";6381.4116943323
"236";"ATTILA-1RS";"SW-AMPanel_2013_Imperial_Dry";5954.0900254225
"241";"BLANCA_FUERTE";"SW-AMPanel_2012_Davis_Dry";8213.4831460674
"242";"BLANCA_FUERTE";"SW-AMPanel_2012_Davis_Irr";7990
"243";"BLANCA_FUERTE";"SW-AMPanel_2013_Imperial_Irr";6537.4981307014
"244";"BLANCA_FUERTE";"SW-AMPanel_2013_Imperial_Dry";6109.6156721998
"245";"CDC_KERNEN";"SW-AMPanel_2012_Davis_Dry";2584.2696629213
"246";"CDC_KERNEN";"SW-AMPanel_2012_Davis_Irr";3030
"249";"UC1552";"SW-AMPanel_2012_Davis_Dry";3426.9662921348
"250";"UC1552";"SW-AMPanel_2012_Davis_Irr";5356
"251";"UC1552";"SW-AMPanel_2013_Imperial_Irr";3326.2299985046
"252";"UC1552";"SW-AMPanel_2013_Imperial_Dry";5038.8814116943
"257";"AC_CRYSTAL";"SW-AMPanel_2012_Davis_Dry";4730.3370786517
"258";"AC_CRYSTAL";"SW-AMPanel_2012_Davis_Irr";4970
"259";"AC_CRYSTAL";"SW-AMPanel_2013_Imperial_Irr";6085.3147898908
"260";"AC_CRYSTAL";"SW-AMPanel_2013_Imperial_Dry";4545.3865709586
"261";"UC1616";"SW-AMPanel_2012_Davis_Dry";9651.6853932584
"262";"UC1616";"SW-AMPanel_2012_Davis_Irr";8740
"263";"UC1616";"SW-AMPanel_2013_Imperial_Irr";7500.7477194557
"264";"UC1616";"SW-AMPanel_2013_Imperial_Dry";5451.6225512188
"277";"AC_SPLENDOR";"SW-AMPanel_2012_Davis_Dry";3325.8426966292
"278";"AC_SPLENDOR";"SW-AMPanel_2012_Davis_Irr";3240
"281";"UC1602";"SW-AMPanel_2012_Davis_Dry";8011.2359550562
"282";"UC1602";"SW-AMPanel_2012_Davis_Irr";7290
"283";"UC1602";"SW-AMPanel_2013_Imperial_Irr";6009.0474054135
"284";"UC1602";"SW-AMPanel_2013_Imperial_Dry";5855.3910572753
"289";"SC80221V2";"SW-AMPanel_2012_Davis_Dry";3674.1573033708
"290";"SC80221V2";"SW-AMPanel_2012_Davis_Irr";3960
"291";"SC80221V2";"SW-AMPanel_2013_Imperial_Irr";3882.5332735158
"292";"SC80221V2";"SW-AMPanel_2013_Imperial_Dry";3360.9989531928
"297";"IDO488";"SW-AMPanel_2012_Davis_Dry";7640.4494382022
"298";"IDO488";"SW-AMPanel_2012_Davis_Irr";6628
"299";"IDO488";"SW-AMPanel_2013_Imperial_Irr";3433.9016001196
"300";"IDO488";"SW-AMPanel_2013_Imperial_Dry";4697.9213399133
"301";"HW080169";"SW-AMPanel_2012_Davis_Dry";7988.7640449438
"302";"HW080169";"SW-AMPanel_2012_Davis_Irr";7200
"303";"HW080169";"SW-AMPanel_2013_Imperial_Irr";4793.2555705099
"304";"HW080169";"SW-AMPanel_2013_Imperial_Dry";4787.6476745925
"305";"9252";"SW-AMPanel_2012_Davis_Dry";2022.4719101124
"306";"9252";"SW-AMPanel_2012_Davis_Irr";4554
"313";"MN08106-6";"SW-AMPanel_2012_Davis_Dry";7337.0786516854
"314";"MN08106-6";"SW-AMPanel_2012_Davis_Irr";7100
"315";"MN08106-6";"SW-AMPanel_2013_Imperial_Irr";3797.2932555705
"316";"MN08106-6";"SW-AMPanel_2013_Imperial_Dry";5561.5373112008
"317";"9256";"SW-AMPanel_2012_Davis_Dry";4685.393258427
"318";"9256";"SW-AMPanel_2012_Davis_Irr";5850
"319";"9256";"SW-AMPanel_2013_Imperial_Irr";3586.4363690743
"320";"9256";"SW-AMPanel_2013_Imperial_Dry";3843.2780020936
"321";"SUPERB";"SW-AMPanel_2012_Davis_Dry";3033.7078651685
"322";"SUPERB";"SW-AMPanel_2012_Davis_Irr";4940
"345";"HAHN-1RSMA";"SW-AMPanel_2012_Davis_Dry";9494.3820224719
"346";"HAHN-1RSMA";"SW-AMPanel_2012_Davis_Irr";7480
"347";"HAHN-1RSMA";"SW-AMPanel_2013_Imperial_Irr";7175.6766861074
"348";"HAHN-1RSMA";"SW-AMPanel_2013_Imperial_Dry";5004.8601764618
"349";"MTHW0771";"SW-AMPanel_2012_Davis_Dry";7685.393258427
"350";"MTHW0771";"SW-AMPanel_2012_Davis_Irr";7740
"351";"MTHW0771";"SW-AMPanel_2013_Imperial_Irr";6655.0770151039
"352";"MTHW0771";"SW-AMPanel_2013_Imperial_Dry";5182.4435471811
"353";"9245";"SW-AMPanel_2012_Davis_Dry";4719.1011235955
"354";"9245";"SW-AMPanel_2012_Davis_Irr";5410
"355";"9245";"SW-AMPanel_2013_Imperial_Irr";2388.5898011066
"356";"9245";"SW-AMPanel_2013_Imperial_Dry";2755.346194108
"357";"MN00261-4";"SW-AMPanel_2012_Davis_Dry";6550.5617977528
"358";"MN00261-4";"SW-AMPanel_2012_Davis_Irr";5360
"361";"SD4253";"SW-AMPanel_2012_Davis_Dry";4157.3033707865
"362";"SD4253";"SW-AMPanel_2012_Davis_Irr";4282
"369";"IDO599";"SW-AMPanel_2012_Davis_Dry";8449.4382022472
"370";"IDO599";"SW-AMPanel_2012_Davis_Irr";7490
"371";"IDO599";"SW-AMPanel_2013_Imperial_Irr";6533.946463287
"372";"IDO599";"SW-AMPanel_2013_Imperial_Dry";4368.1770599671
"373";"RIL29";"SW-AMPanel_2012_Davis_Dry";8359.5505617978
"374";"RIL29";"SW-AMPanel_2012_Davis_Irr";8100
"375";"RIL29";"SW-AMPanel_2013_Imperial_Irr";6839.0160011964
"376";"RIL29";"SW-AMPanel_2013_Imperial_Dry";5949.6037086885
"381";"WA8016";"SW-AMPanel_2012_Davis_Dry";5573.0337078652
"382";"WA8016";"SW-AMPanel_2012_Davis_Irr";5400
"383";"WA8016";"SW-AMPanel_2013_Imperial_Irr";4174.1438612233
"384";"WA8016";"SW-AMPanel_2013_Imperial_Dry";6501.4206669658
"385";"CDN_BISON";"SW-AMPanel_2012_Davis_Dry";3719.1011235955
"386";"CDN_BISON";"SW-AMPanel_2012_Davis_Irr";3450
"393";"9254";"SW-AMPanel_2012_Davis_Dry";5595.5056179775
"394";"9254";"SW-AMPanel_2012_Davis_Irr";6600
"395";"9254";"SW-AMPanel_2013_Imperial_Irr";4351.3533722148
"396";"9254";"SW-AMPanel_2013_Imperial_Dry";5711.8289217885
"397";"IDO560";"SW-AMPanel_2012_Davis_Dry";6213.4831460674
"398";"IDO560";"SW-AMPanel_2012_Davis_Irr";6160
"399";"IDO560";"SW-AMPanel_2013_Imperial_Irr";6749.2896665171
"400";"IDO560";"SW-AMPanel_2013_Imperial_Dry";6676.3870195903
"401";"9228";"SW-AMPanel_2012_Davis_Dry";8573.0337078652
"402";"9228";"SW-AMPanel_2012_Davis_Irr";7070
"403";"9228";"SW-AMPanel_2013_Imperial_Irr";5901.3758037984
"404";"9228";"SW-AMPanel_2013_Imperial_Dry";4913.2645431434
"405";"ADA";"SW-AMPanel_2012_Davis_Dry";6123.595505618
"406";"ADA";"SW-AMPanel_2012_Davis_Irr";6890
"407";"ADA";"SW-AMPanel_2013_Imperial_Irr";5656.8715417975
"408";"ADA";"SW-AMPanel_2013_Imperial_Dry";4850.456108868
"413";"FORTUNA";"SW-AMPanel_2012_Davis_Dry";4662.9213483146
"414";"FORTUNA";"SW-AMPanel_2012_Davis_Irr";3890
"417";"UC1395_LR34_YR18";"SW-AMPanel_2012_Davis_Dry";8674.1573033708
"418";"UC1395_LR34_YR18";"SW-AMPanel_2012_Davis_Irr";6580
"419";"UC1395_LR34_YR18";"SW-AMPanel_2013_Imperial_Irr";4187.6028114252
"420";"UC1395_LR34_YR18";"SW-AMPanel_2013_Imperial_Dry";5292.3583071631
"425";"IDO854";"SW-AMPanel_2012_Davis_Dry";7280.8988764045
"426";"IDO854";"SW-AMPanel_2012_Davis_Irr";6480
"427";"IDO854";"SW-AMPanel_2013_Imperial_Irr";7005.0097203529
"428";"IDO854";"SW-AMPanel_2013_Imperial_Dry";5229.5498728877
"429";"9262";"SW-AMPanel_2012_Davis_Dry";6865.1685393258
"430";"9262";"SW-AMPanel_2012_Davis_Irr";5260
"431";"9262";"SW-AMPanel_2013_Imperial_Irr";7473.8298190519
"432";"9262";"SW-AMPanel_2013_Imperial_Dry";4740.5413488859
"433";"CARBERRY";"SW-AMPanel_2012_Davis_Dry";6483.1460674157
"434";"CARBERRY";"SW-AMPanel_2012_Davis_Irr";4730
"437";"MT1053";"SW-AMPanel_2012_Davis_Dry";4820.2247191011
"438";"MT1053";"SW-AMPanel_2012_Davis_Irr";5600
"441";"MN08013-2";"SW-AMPanel_2012_Davis_Dry";8146.0674157303
"442";"MN08013-2";"SW-AMPanel_2012_Davis_Irr";7240
"443";"MN08013-2";"SW-AMPanel_2013_Imperial_Irr";6044.9379392852
"444";"MN08013-2";"SW-AMPanel_2013_Imperial_Dry";5559.2941528339
"453";"WA8148";"SW-AMPanel_2012_Davis_Dry";8056.1797752809
"454";"WA8148";"SW-AMPanel_2012_Davis_Irr";7416
"455";"WA8148";"SW-AMPanel_2013_Imperial_Irr";6399.3569612681
"456";"WA8148";"SW-AMPanel_2013_Imperial_Dry";5918.1994915508
"457";"CDC_OSLER";"SW-AMPanel_2012_Davis_Dry";2898.8764044944
"458";"CDC_OSLER";"SW-AMPanel_2012_Davis_Irr";2630
"473";"MN07199-6";"SW-AMPanel_2012_Davis_Dry";7426.9662921348
"474";"MN07199-6";"SW-AMPanel_2012_Davis_Irr";5900
"475";"MN07199-6";"SW-AMPanel_2013_Imperial_Irr";6031.4789890833
"476";"MN07199-6";"SW-AMPanel_2013_Imperial_Dry";4554.3592044265
"481";"9260";"SW-AMPanel_2012_Davis_Dry";9483.1460674157
"482";"9260";"SW-AMPanel_2012_Davis_Irr";8920
"485";"SD4199";"SW-AMPanel_2012_Davis_Dry";6426.9662921348
"486";"SD4199";"SW-AMPanel_2012_Davis_Irr";6090
"487";"SD4199";"SW-AMPanel_2013_Imperial_Irr";4739.4197697024
"488";"SD4199";"SW-AMPanel_2013_Imperial_Dry";4650.8150142067
"489";"SD4263";"SW-AMPanel_2012_Davis_Dry";3955.0561797753
"490";"SD4263";"SW-AMPanel_2012_Davis_Irr";4380
"493";"ROBLIN";"SW-AMPanel_2012_Davis_Dry";3730.3370786517
"494";"ROBLIN";"SW-AMPanel_2012_Davis_Irr";4100
"509";"WA8123";"SW-AMPanel_2012_Davis_Dry";9898.8764044944
"510";"WA8123";"SW-AMPanel_2012_Davis_Irr";8580
"511";"WA8123";"SW-AMPanel_2013_Imperial_Irr";6399.3569612681
"512";"WA8123";"SW-AMPanel_2013_Imperial_Dry";5285.6288320622
"513";"MN03308-4";"SW-AMPanel_2012_Davis_Dry";5629.2134831461
"514";"MN03308-4";"SW-AMPanel_2012_Davis_Irr";5010
"515";"MN03308-4";"SW-AMPanel_2013_Imperial_Irr";3651.4879617168
"516";"MN03308-4";"SW-AMPanel_2013_Imperial_Dry";2611.7840586212
"517";"MCKENZIE";"SW-AMPanel_2012_Davis_Dry";4168.5393258427
"518";"MCKENZIE";"SW-AMPanel_2012_Davis_Irr";2640
"521";"9247";"SW-AMPanel_2012_Davis_Dry";7662.9213483146
"522";"9247";"SW-AMPanel_2012_Davis_Irr";5280
"523";"9247";"SW-AMPanel_2013_Imperial_Irr";5627.7104830268
"524";"9247";"SW-AMPanel_2013_Imperial_Dry";6279.3479886347
"525";"OTIS";"SW-AMPanel_2012_Davis_Dry";7011.2359550562
"526";"OTIS";"SW-AMPanel_2012_Davis_Irr";7222
"533";"UC1554";"SW-AMPanel_2012_Davis_Dry";3415.7303370787
"534";"UC1554";"SW-AMPanel_2012_Davis_Irr";2350
"537";"WHITEBIRD";"SW-AMPanel_2012_Davis_Dry";4606.7415730337
"538";"WHITEBIRD";"SW-AMPanel_2012_Davis_Irr";4290
"539";"WHITEBIRD";"SW-AMPanel_2013_Imperial_Irr";6681.9949155077
"540";"WHITEBIRD";"SW-AMPanel_2013_Imperial_Dry";2614.0272169882
"541";"WASKADA";"SW-AMPanel_2012_Davis_Dry";2393.2584269663
"542";"WASKADA";"SW-AMPanel_2012_Davis_Irr";3420
"545";"9249";"SW-AMPanel_2012_Davis_Dry";3820.2247191011
"546";"9249";"SW-AMPanel_2012_Davis_Irr";3700
"547";"9249";"SW-AMPanel_2013_Imperial_Irr";5120.7566920891
"548";"9249";"SW-AMPanel_2013_Imperial_Dry";5942.8742335876
"549";"TREASURE";"SW-AMPanel_2012_Davis_Dry";6730.3370786517
"550";"TREASURE";"SW-AMPanel_2012_Davis_Irr";7250
"553";"SD4076";"SW-AMPanel_2012_Davis_Dry";6280.8988764045
"554";"SD4076";"SW-AMPanel_2012_Davis_Irr";5080
"555";"SD4076";"SW-AMPanel_2013_Imperial_Irr";5295.7230447136
"556";"SD4076";"SW-AMPanel_2013_Imperial_Dry";4556.6023627935
"557";"UC1682";"SW-AMPanel_2012_Davis_Dry";8842.6966292135
"558";"UC1682";"SW-AMPanel_2012_Davis_Irr";6690
"559";"UC1682";"SW-AMPanel_2013_Imperial_Irr";5991.1021384776
"560";"UC1682";"SW-AMPanel_2013_Imperial_Dry";6346.6427396441
"565";"IDO671";"SW-AMPanel_2012_Davis_Dry";8168.5393258427
"566";"IDO671";"SW-AMPanel_2012_Davis_Irr";8200
"567";"IDO671";"SW-AMPanel_2013_Imperial_Irr";5775.7589352475
"568";"IDO671";"SW-AMPanel_2013_Imperial_Dry";5702.8562883206
"573";"CAP151-3";"SW-AMPanel_2012_Davis_Dry";7382.0224719101
"574";"CAP151-3";"SW-AMPanel_2012_Davis_Irr";4470
"575";"CAP151-3";"SW-AMPanel_2013_Imperial_Irr";6332.0622102587
"576";"CAP151-3";"SW-AMPanel_2013_Imperial_Dry";4635.1129056378
"577";"AC_EATONIA";"SW-AMPanel_2012_Davis_Dry";3089.8876404494
"578";"AC_EATONIA";"SW-AMPanel_2012_Davis_Irr";3500
"585";"5702PR";"SW-AMPanel_2012_Davis_Dry";5213.4831460674
"586";"5702PR";"SW-AMPanel_2012_Davis_Irr";6796
"587";"5702PR";"SW-AMPanel_2013_Imperial_Irr";4501.6449828025
"588";"5702PR";"SW-AMPanel_2013_Imperial_Dry";2519.814565575
"589";"MT1016";"SW-AMPanel_2012_Davis_Dry";4651.6853932584
"590";"MT1016";"SW-AMPanel_2012_Davis_Irr";5000
"597";"H0900081";"SW-AMPanel_2012_Davis_Dry";6022.4719101124
"598";"H0900081";"SW-AMPanel_2012_Davis_Irr";5490
"599";"H0900081";"SW-AMPanel_2013_Imperial_Irr";5807.1631523852
"600";"H0900081";"SW-AMPanel_2013_Imperial_Dry";3825.3327351578
"601";"RUSS";"SW-AMPanel_2012_Davis_Dry";5505.6179775281
"602";"RUSS";"SW-AMPanel_2012_Davis_Irr";3020
"605";"UC1551";"SW-AMPanel_2012_Davis_Dry";2808.9887640449
"606";"UC1551";"SW-AMPanel_2012_Davis_Irr";3910
"607";"UC1551";"SW-AMPanel_2013_Imperial_Irr";6166.0684911021
"608";"UC1551";"SW-AMPanel_2013_Imperial_Dry";3423.8073874682
"613";"SD4265";"SW-AMPanel_2012_Davis_Dry";5797.7528089888
"614";"SD4265";"SW-AMPanel_2012_Davis_Irr";3310
"621";"CDC_UTMOST";"SW-AMPanel_2012_Davis_Dry";4606.7415730337
"622";"CDC_UTMOST";"SW-AMPanel_2012_Davis_Irr";3990
"629";"MARQUIS";"SW-AMPanel_2012_Davis_Dry";1011.2359550562
"630";"MARQUIS";"SW-AMPanel_2012_Davis_Irr";1200
"637";"SD4214";"SW-AMPanel_2012_Davis_Dry";4359.5505617978
"638";"SD4214";"SW-AMPanel_2012_Davis_Irr";2720
"639";"SD4214";"SW-AMPanel_2013_Imperial_Irr";5008.5987737401
"640";"SD4214";"SW-AMPanel_2013_Imperial_Dry";2977.4188724391
"653";"SD3851";"SW-AMPanel_2012_Davis_Dry";5325.8426966292
"654";"SD3851";"SW-AMPanel_2012_Davis_Irr";4810
"655";"SD3851";"SW-AMPanel_2013_Imperial_Irr";5618.7378495588
"656";"SD3851";"SW-AMPanel_2013_Imperial_Dry";3549.4242560191
"661";"GLENLEA";"SW-AMPanel_2012_Davis_Dry";5449.4382022472
"662";"GLENLEA";"SW-AMPanel_2012_Davis_Irr";4150
"665";"SD4218";"SW-AMPanel_2012_Davis_Dry";4539.3258426966
"666";"SD4218";"SW-AMPanel_2012_Davis_Irr";4188
"667";"SD4218";"SW-AMPanel_2013_Imperial_Irr";4151.7122775535
"668";"SD4218";"SW-AMPanel_2013_Imperial_Dry";2237.1766113354
"673";"MT0802";"SW-AMPanel_2012_Davis_Dry";5056.1797752809
"674";"MT0802";"SW-AMPanel_2012_Davis_Irr";4740
"675";"MT0802";"SW-AMPanel_2013_Imperial_Irr";3705.3237625243
"676";"MT0802";"SW-AMPanel_2013_Imperial_Dry";4072.0801555257
"681";"KANE";"SW-AMPanel_2012_Davis_Dry";3213.4831460674
"682";"KANE";"SW-AMPanel_2012_Davis_Irr";4140
"685";"SCARLET";"SW-AMPanel_2012_Davis_Dry";6314.606741573
"686";"SCARLET";"SW-AMPanel_2012_Davis_Irr";6300
"689";"SD4279";"SW-AMPanel_2012_Davis_Dry";6382.0224719101
"690";"SD4279";"SW-AMPanel_2012_Davis_Irr";4990
"691";"SD4279";"SW-AMPanel_2013_Imperial_Irr";5416.8535965306
"692";"SD4279";"SW-AMPanel_2013_Imperial_Dry";4765.2160909227
"693";"GLENCROSS";"SW-AMPanel_2012_Davis_Dry";4842.6966292135
"694";"GLENCROSS";"SW-AMPanel_2012_Davis_Irr";5080
"697";"9248";"SW-AMPanel_2012_Davis_Dry";5191.0112359551
"698";"9248";"SW-AMPanel_2012_Davis_Irr";6228
"699";"9248";"SW-AMPanel_2013_Imperial_Irr";3460.8195005234
"700";"9248";"SW-AMPanel_2013_Imperial_Dry";3520.2631972484
"709";"9240";"SW-AMPanel_2012_Davis_Dry";8910.1123595506
"710";"9240";"SW-AMPanel_2012_Davis_Irr";6200
"711";"9240";"SW-AMPanel_2013_Imperial_Irr";7339.2403170331
"712";"9240";"SW-AMPanel_2013_Imperial_Dry";5653.506804247
"717";"9263";"SW-AMPanel_2012_Davis_Dry";9168.5393258427
"718";"9263";"SW-AMPanel_2012_Davis_Irr";8332
"719";"9263";"SW-AMPanel_2013_Imperial_Irr";6089.8011066248
"720";"9263";"SW-AMPanel_2013_Imperial_Dry";6427.3964408554
"721";"IDO629";"SW-AMPanel_2012_Davis_Dry";8078.6516853933
"722";"IDO629";"SW-AMPanel_2012_Davis_Irr";6430
"723";"IDO629";"SW-AMPanel_2013_Imperial_Irr";6033.7221474503
"724";"IDO629";"SW-AMPanel_2013_Imperial_Dry";4146.104381636
"725";"MT1020";"SW-AMPanel_2012_Davis_Dry";7696.6292134831
"726";"MT1020";"SW-AMPanel_2012_Davis_Irr";7820
"729";"CENTENNIAL";"SW-AMPanel_2012_Davis_Dry";6685.393258427
"730";"CENTENNIAL";"SW-AMPanel_2012_Davis_Irr";7508
"731";"CENTENNIAL";"SW-AMPanel_2013_Imperial_Irr";7727.3067145207
"732";"CENTENNIAL";"SW-AMPanel_2013_Imperial_Dry";3771.4969343502
"737";"MN02255";"SW-AMPanel_2012_Davis_Dry";6247.191011236
"738";"MN02255";"SW-AMPanel_2012_Davis_Irr";7930
"741";"WA8074";"SW-AMPanel_2012_Davis_Dry";5629.2134831461
"742";"WA8074";"SW-AMPanel_2012_Davis_Irr";4960
"743";"WA8074";"SW-AMPanel_2013_Imperial_Irr";5336.0998953193
"744";"WA8074";"SW-AMPanel_2013_Imperial_Dry";5483.0267683565
"745";"MT0945";"SW-AMPanel_2012_Davis_Dry";6943.8202247191
"746";"MT0945";"SW-AMPanel_2012_Davis_Irr";6330
"747";"MT0945";"SW-AMPanel_2013_Imperial_Irr";5358.5314789891
"748";"MT0945";"SW-AMPanel_2013_Imperial_Dry";6595.633318379
"753";"CDC_STANLEY";"SW-AMPanel_2012_Davis_Dry";2370.7865168539
"754";"CDC_STANLEY";"SW-AMPanel_2012_Davis_Irr";3320
"773";"ROLLAG";"SW-AMPanel_2012_Davis_Dry";6988.7640449438
"774";"ROLLAG";"SW-AMPanel_2012_Davis_Irr";7470
"775";"ROLLAG";"SW-AMPanel_2013_Imperial_Irr";6197.4727082399
"776";"ROLLAG";"SW-AMPanel_2013_Imperial_Dry";5599.6710034395
"781";"MT1002";"SW-AMPanel_2012_Davis_Dry";3651.6853932584
"782";"MT1002";"SW-AMPanel_2012_Davis_Irr";4362
"785";"BW947";"SW-AMPanel_2012_Davis_Dry";4292.1348314607
"786";"BW947";"SW-AMPanel_2012_Davis_Irr";4750
"789";"MT1027";"SW-AMPanel_2012_Davis_Dry";3123.595505618
"790";"MT1027";"SW-AMPanel_2012_Davis_Irr";5930
"793";"SOMERSET";"SW-AMPanel_2012_Davis_Dry";1685.393258427
"794";"SOMERSET";"SW-AMPanel_2012_Davis_Irr";1830
"797";"CDC_TEAL";"SW-AMPanel_2012_Davis_Dry";4438.202247191
"798";"CDC_TEAL";"SW-AMPanel_2012_Davis_Irr";4730
"809";"UNITY";"SW-AMPanel_2012_Davis_Dry";3853.9325842697
"810";"UNITY";"SW-AMPanel_2012_Davis_Irr";3390
"821";"MT0861";"SW-AMPanel_2012_Davis_Dry";6764.0449438202
"822";"MT0861";"SW-AMPanel_2012_Davis_Irr";3900
"825";"MN06018";"SW-AMPanel_2012_Davis_Dry";7179.7752808989
"826";"MN06018";"SW-AMPanel_2012_Davis_Irr";6440
"827";"MN06018";"SW-AMPanel_2013_Imperial_Irr";4174.1438612233
"828";"MN06018";"SW-AMPanel_2013_Imperial_Dry";3811.8737849559
"829";"SD4112";"SW-AMPanel_2012_Davis_Dry";7269.6629213483
"830";"SD4112";"SW-AMPanel_2012_Davis_Irr";4740
"831";"SD4112";"SW-AMPanel_2013_Imperial_Irr";4593.6144758487
"832";"SD4112";"SW-AMPanel_2013_Imperial_Dry";4646.3286974727
"837";"SD4023";"SW-AMPanel_2012_Davis_Dry";6382.0224719101
"838";"SD4023";"SW-AMPanel_2012_Davis_Irr";5490
"841";"MN06075-4";"SW-AMPanel_2012_Davis_Dry";6449.4382022472
"842";"MN06075-4";"SW-AMPanel_2012_Davis_Irr";6150
"849";"SUMMIT_515";"SW-AMPanel_2012_Davis_Dry";10202.247191011
"850";"SUMMIT_515";"SW-AMPanel_2012_Davis_Irr";8580
"851";"SUMMIT_515";"SW-AMPanel_2013_Imperial_Irr";6358.9801106625
"852";"SUMMIT_515";"SW-AMPanel_2013_Imperial_Dry";6115.5974278451
"861";"RSI5_YR5_YR15_GPC_HMW1";"SW-AMPanel_2012_Davis_Dry";7719.1011235955
"862";"RSI5_YR5_YR15_GPC_HMW1";"SW-AMPanel_2012_Davis_Irr";6620
"863";"RSI5_YR5_YR15_GPC_HMW1";"SW-AMPanel_2013_Imperial_Irr";3963.2869747271
"864";"RSI5_YR5_YR15_GPC_HMW1";"SW-AMPanel_2013_Imperial_Dry";4778.6750411246
"865";"WA8034";"SW-AMPanel_2012_Davis_Dry";6190
"866";"WA8034";"SW-AMPanel_2012_Davis_Irr";6920
"869";"MN03306-1";"SW-AMPanel_2012_Davis_Dry";5580
"870";"MN03306-1";"SW-AMPanel_2012_Davis_Irr";5656
"871";"MN03306-1";"SW-AMPanel_2013_Imperial_Irr";4887.4682219231
"872";"MN03306-1";"SW-AMPanel_2013_Imperial_Dry";6182.8921788545
"873";"SNOWSTAR";"SW-AMPanel_2012_Davis_Dry";4150
"874";"SNOWSTAR";"SW-AMPanel_2012_Davis_Irr";3580
"877";"AC_CADILLAC";"SW-AMPanel_2012_Davis_Dry";2810
"878";"AC_CADILLAC";"SW-AMPanel_2012_Davis_Irr";2492
"881";"BLANCA_GRANDE_515";"SW-AMPanel_2012_Davis_Dry";7140
"882";"BLANCA_GRANDE_515";"SW-AMPanel_2012_Davis_Irr";9040
"883";"BLANCA_GRANDE_515";"SW-AMPanel_2013_Imperial_Irr";7489.5319276208
"884";"BLANCA_GRANDE_515";"SW-AMPanel_2013_Imperial_Dry";7820.3977867504
"889";"CULTER";"SW-AMPanel_2012_Davis_Dry";5810
"890";"CULTER";"SW-AMPanel_2012_Davis_Irr";3810
"893";"IDO702";"SW-AMPanel_2012_Davis_Dry";7530
"894";"IDO702";"SW-AMPanel_2012_Davis_Irr";5950
"895";"IDO702";"SW-AMPanel_2013_Imperial_Irr";4515.1039330043
"896";"IDO702";"SW-AMPanel_2013_Imperial_Dry";6115.5974278451
"897";"OKLEE";"SW-AMPanel_2012_Davis_Dry";5730
"898";"OKLEE";"SW-AMPanel_2012_Davis_Irr";5800
"899";"OKLEE";"SW-AMPanel_2013_Imperial_Irr";4676.6113354269
"900";"OKLEE";"SW-AMPanel_2013_Imperial_Dry";4585.7634215642
"901";"GP069";"SW-AMPanel_2012_Davis_Dry";9000
"902";"GP069";"SW-AMPanel_2012_Davis_Irr";7320
"905";"IDO686";"SW-AMPanel_2012_Davis_Dry";8730
"906";"IDO686";"SW-AMPanel_2012_Davis_Irr";6664
"907";"IDO686";"SW-AMPanel_2013_Imperial_Irr";5309.1819949155
"908";"IDO686";"SW-AMPanel_2013_Imperial_Dry";3136.6831164947
"913";"HAHN-1RS";"SW-AMPanel_2012_Davis_Dry";8260
"914";"HAHN-1RS";"SW-AMPanel_2012_Davis_Irr";8810
"915";"HAHN-1RS";"SW-AMPanel_2013_Imperial_Irr";7314.7525048602
"916";"HAHN-1RS";"SW-AMPanel_2013_Imperial_Dry";5211.230746224
"917";"AC_DOMAIN";"SW-AMPanel_2012_Davis_Dry";1750
"918";"AC_DOMAIN";"SW-AMPanel_2012_Davis_Irr";2260
"921";"LASSIK";"SW-AMPanel_2012_Davis_Dry";7450
"922";"LASSIK";"SW-AMPanel_2012_Davis_Irr";8902
"923";"LASSIK";"SW-AMPanel_2013_Imperial_Irr";6130.1779572304
"924";"LASSIK";"SW-AMPanel_2013_Imperial_Dry";7160.9092268581
"925";"SD4271";"SW-AMPanel_2012_Davis_Dry";3730
"926";"SD4271";"SW-AMPanel_2012_Davis_Irr";2730
"933";"STETTLER";"SW-AMPanel_2012_Davis_Dry";4030
"934";"STETTLER";"SW-AMPanel_2012_Davis_Irr";5284
"941";"9233";"SW-AMPanel_2012_Davis_Dry";2300
"942";"9233";"SW-AMPanel_2012_Davis_Irr";2824
"943";"9233";"SW-AMPanel_2013_Imperial_Irr";2994.2425601914
"944";"9233";"SW-AMPanel_2013_Imperial_Dry";3304.9199940183
"949";"AC_VISTA";"SW-AMPanel_2012_Davis_Dry";5940
"950";"AC_VISTA";"SW-AMPanel_2012_Davis_Irr";5230
"951";"AC_VISTA";"SW-AMPanel_2013_Imperial_Irr";5412.3672797966
"952";"AC_VISTA";"SW-AMPanel_2013_Imperial_Dry";5505.4583520263
"961";"CAP34-1";"SW-AMPanel_2012_Davis_Dry";6630
"962";"CAP34-1";"SW-AMPanel_2012_Davis_Irr";5730
"965";"MN03119-4";"SW-AMPanel_2012_Davis_Dry";7340
"966";"MN03119-4";"SW-AMPanel_2012_Davis_Irr";6020
"967";"MN03119-4";"SW-AMPanel_2013_Imperial_Irr";4743.9060864364
"968";"MN03119-4";"SW-AMPanel_2013_Imperial_Dry";4718.1097652161
"969";"HWO90071M";"SW-AMPanel_2012_Davis_Dry";3990
"970";"HWO90071M";"SW-AMPanel_2012_Davis_Irr";4736
"971";"HWO90071M";"SW-AMPanel_2013_Imperial_Irr";5668.0873336324
"972";"HWO90071M";"SW-AMPanel_2013_Imperial_Dry";5806.0415732017
"973";"WA8100";"SW-AMPanel_2012_Davis_Dry";5150
"974";"WA8100";"SW-AMPanel_2012_Davis_Irr";4930
"981";"IDO851";"SW-AMPanel_2012_Davis_Dry";8690
"982";"IDO851";"SW-AMPanel_2012_Davis_Irr";7440
"983";"IDO851";"SW-AMPanel_2013_Imperial_Irr";6518.2443547181
"984";"IDO851";"SW-AMPanel_2013_Imperial_Dry";5146.5530133094
"985";"LASER";"SW-AMPanel_2012_Davis_Dry";5750
"986";"LASER";"SW-AMPanel_2012_Davis_Irr";4752
"987";"LASER";"SW-AMPanel_2013_Imperial_Irr";2962.8383430537
"988";"LASER";"SW-AMPanel_2013_Imperial_Dry";2405.413488859
"989";"SD4243";"SW-AMPanel_2012_Davis_Dry";5180
"990";"SD4243";"SW-AMPanel_2012_Davis_Irr";4000
"991";"SD4243";"SW-AMPanel_2013_Imperial_Irr";4568.9397338119
"992";"SD4243";"SW-AMPanel_2013_Imperial_Dry";4994.0182443547
"993";"LILLIAN";"SW-AMPanel_2012_Davis_Dry";1710
"994";"LILLIAN";"SW-AMPanel_2012_Davis_Irr";2266
"997";"HI-LINE";"SW-AMPanel_2012_Davis_Dry";5450
"998";"HI-LINE";"SW-AMPanel_2012_Davis_Irr";5150
"1003";"DARIEL";"SW-AMPanel_2013_Imperial_Irr";7624.1214296396
"1004";"DARIEL";"SW-AMPanel_2013_Imperial_Dry";7019.5902497383
"1007";"BASS";"SW-AMPanel_2013_Imperial_Irr";6628.1591147002
"1008";"BASS";"SW-AMPanel_2013_Imperial_Dry";6373.5606400479
"1011";"PATO";"SW-AMPanel_2013_Imperial_Irr";5277.7777777778
"1012";"PATO";"SW-AMPanel_2013_Imperial_Dry";2483.9240317033
"1015";"TIMGALEN";"SW-AMPanel_2013_Imperial_Irr";4927.8450725288
"1016";"TIMGALEN";"SW-AMPanel_2013_Imperial_Dry";6656.1985942874
"1019";"TONICHI81";"SW-AMPanel_2013_Imperial_Irr";5562.6588903843
"1020";"TONICHI81";"SW-AMPanel_2013_Imperial_Dry";4186.4812322417
"1023";"ESMERALDA_M86";"SW-AMPanel_2013_Imperial_Irr";7731.7930312547
"1024";"ESMERALDA_M86";"SW-AMPanel_2013_Imperial_Dry";5707.3426050546
"1027";"CIGM91.153";"SW-AMPanel_2013_Imperial_Irr";3761.4027216988
"1028";"CIGM91.153";"SW-AMPanel_2013_Imperial_Dry";2907.8809630627
"1039";"AC_PHIL";"SW-AMPanel_2013_Imperial_Irr";4470.2407656647
"1040";"AC_PHIL";"SW-AMPanel_2013_Imperial_Dry";3049.1999401825
"1043";"ANLACE";"SW-AMPanel_2013_Imperial_Irr";6466.6517122776
"1044";"ANLACE";"SW-AMPanel_2013_Imperial_Dry";3722.1474502767
"1047";"CIGM90.250.2";"SW-AMPanel_2013_Imperial_Irr";7379.6171676387
"1048";"CIGM90.250.2";"SW-AMPanel_2013_Imperial_Dry";3475.4000299088
"1051";"ELISSAVET";"SW-AMPanel_2013_Imperial_Irr";7204.6508150142
"1052";"ELISSAVET";"SW-AMPanel_2013_Imperial_Dry";7811.4251532825
"1063";"LARK";"SW-AMPanel_2013_Imperial_Irr";6787.4233587558
"1064";"LARK";"SW-AMPanel_2013_Imperial_Dry";3547.1810976522
"1067";"TAKARI";"SW-AMPanel_2013_Imperial_Irr";5928.2937042022
"1068";"TAKARI";"SW-AMPanel_2013_Imperial_Dry";4377.149693435
"1071";"TAYLOR";"SW-AMPanel_2013_Imperial_Irr";4219.0070285629
"1072";"TAYLOR";"SW-AMPanel_2013_Imperial_Dry";1683.1164946912
"1075";"VAISHALI";"SW-AMPanel_2013_Imperial_Irr";5654.6283834305
"1076";"VAISHALI";"SW-AMPanel_2013_Imperial_Dry";5240.7656647226
"1079";"ARROCCO";"SW-AMPanel_2013_Imperial_Irr";7298.8634664274
"1080";"ARROCCO";"SW-AMPanel_2013_Imperial_Dry";3381.1873784956
"1083";"COLFIORITO";"SW-AMPanel_2013_Imperial_Irr";6426.2748616719
"1084";"COLFIORITO";"SW-AMPanel_2013_Imperial_Dry";4513.9823538208
"1087";"GUADALUPE";"SW-AMPanel_2013_Imperial_Irr";7296.6203080604
"1088";"GUADALUPE";"SW-AMPanel_2013_Imperial_Dry";7990.8778226409
"1091";"PANDAS";"SW-AMPanel_2013_Imperial_Irr";4445.5660236279
"1092";"PANDAS";"SW-AMPanel_2013_Imperial_Dry";3360.9989531928
"1095";"SIRMIONE";"SW-AMPanel_2013_Imperial_Irr";6116.7190070286
"1096";"SIRMIONE";"SW-AMPanel_2013_Imperial_Dry";5720.8015552565
"1099";"ZENA";"SW-AMPanel_2013_Imperial_Irr";5212.7261851353
"1100";"ZENA";"SW-AMPanel_2013_Imperial_Dry";5536.8625691641
"1103";"BANDERA";"SW-AMPanel_2013_Imperial_Irr";7242.7845072529
"1104";"BANDERA";"SW-AMPanel_2013_Imperial_Dry";6259.1595633318
"1139";"ARRINO";"SW-AMPanel_2013_Imperial_Irr";7408.7782264094
"1140";"ARRINO";"SW-AMPanel_2013_Imperial_Dry";2465.9787647675
"1155";"CM1_19";"SW-AMPanel_2013_Imperial_Irr";5048.9756243457
"1156";"CM1_19";"SW-AMPanel_2013_Imperial_Dry";7757.589352475
"1159";"CM1_20";"SW-AMPanel_2013_Imperial_Irr";6614.7001644983
"1160";"CM1_20";"SW-AMPanel_2013_Imperial_Dry";3165.8441752654
"1163";"CM1_23";"SW-AMPanel_2013_Imperial_Irr";8844.3995812771
"1164";"CM1_23";"SW-AMPanel_2013_Imperial_Dry";7533.2735157769
"1167";"CM1_24";"SW-AMPanel_2013_Imperial_Irr";5371.990429191
"1168";"CM1_24";"SW-AMPanel_2013_Imperial_Dry";5326.0056826679
"1171";"CM1_32";"SW-AMPanel_2013_Imperial_Irr";5214.9693435023
"1172";"CM1_32";"SW-AMPanel_2013_Imperial_Dry";5007.4771945566
"1179";"CM1_4";"SW-AMPanel_2013_Imperial_Irr";7296.6203080604
"1180";"CM1_4";"SW-AMPanel_2013_Imperial_Dry";4256.0191416181
"1183";"CM1_40";"SW-AMPanel_2013_Imperial_Irr";5524.5251981457
"1184";"CM1_40";"SW-AMPanel_2013_Imperial_Dry";5765.6647225961
"1187";"CM1_53";"SW-AMPanel_2013_Imperial_Irr";6367.9527441304
"1188";"CM1_53";"SW-AMPanel_2013_Imperial_Dry";5848.6615821744
"1195";"CM1_68";"SW-AMPanel_2013_Imperial_Irr";7381.8603260057
"1196";"CM1_68";"SW-AMPanel_2013_Imperial_Dry";4603.7086885001
"1199";"CM1_71";"SW-AMPanel_2013_Imperial_Irr";7635.3372214745
"1200";"CM1_71";"SW-AMPanel_2013_Imperial_Dry";6514.8796171676
"1203";"CM1_73";"SW-AMPanel_2013_Imperial_Irr";1419.545386571
"1204";"CM1_73";"SW-AMPanel_2013_Imperial_Dry";6182.8921788545
"1207";"CM1_82";"SW-AMPanel_2013_Imperial_Irr";6852.4749513982
"1208";"CM1_82";"SW-AMPanel_2013_Imperial_Dry";4742.7845072529
"1211";"CM1_89";"SW-AMPanel_2013_Imperial_Irr";5322.6409451174
"1212";"CM1_89";"SW-AMPanel_2013_Imperial_Dry";6182.8921788545
"1215";"CM1_9";"SW-AMPanel_2013_Imperial_Irr";4941.3040227307
"1216";"CM1_9";"SW-AMPanel_2013_Imperial_Dry";5723.0447136234
"1219";"CM1_92";"SW-AMPanel_2013_Imperial_Irr";7245.0276656199
"1220";"CM1_92";"SW-AMPanel_2013_Imperial_Dry";7102.5871093166
"1223";"CM2_16";"SW-AMPanel_2013_Imperial_Irr";7502.9908778226
"1224";"CM2_16";"SW-AMPanel_2013_Imperial_Dry";7600.5682667863
"1227";"CM2_21";"SW-AMPanel_2013_Imperial_Irr";6489.0832959474
"1228";"CM2_21";"SW-AMPanel_2013_Imperial_Dry";4659.7876476746
"1231";"CM2_24";"SW-AMPanel_2013_Imperial_Irr";5537.9841483475
"1232";"CM2_24";"SW-AMPanel_2013_Imperial_Dry";5633.3183789442
"1235";"CM2_26";"SW-AMPanel_2013_Imperial_Irr";6317.8080266558
"1236";"CM2_26";"SW-AMPanel_2013_Imperial_Dry";6710.034395095
"1239";"CM2_30";"SW-AMPanel_2013_Imperial_Irr";5066.9208912816
"1240";"CM2_30";"SW-AMPanel_2013_Imperial_Dry";7205.7723941977
"1243";"CM2_51";"SW-AMPanel_2013_Imperial_Irr";4245.9249289666
"1244";"CM2_51";"SW-AMPanel_2013_Imperial_Dry";4821.2950500972
"1247";"CM2_58";"SW-AMPanel_2013_Imperial_Irr";4860.5503215194
"1248";"CM2_58";"SW-AMPanel_2013_Imperial_Dry";5579.4825781367
"1255";"CM2_77";"SW-AMPanel_2013_Imperial_Irr";5699.4915507701
"1256";"CM2_77";"SW-AMPanel_2013_Imperial_Dry";4969.3435023179
"1267";"CM3_10";"SW-AMPanel_2013_Imperial_Irr";6776.2075669209
"1268";"CM3_10";"SW-AMPanel_2013_Imperial_Dry";3531.4789890833
"1271";"WEEBILL1";"SW-AMPanel_2013_Imperial_Irr";6341.0348437266
"1272";"WEEBILL1";"SW-AMPanel_2013_Imperial_Dry";6272.6185135337
"1275";"CM3_26";"SW-AMPanel_2013_Imperial_Irr";3166.9657544489
"1276";"CM3_26";"SW-AMPanel_2013_Imperial_Dry";4242.5601914162
"1279";"CM3_29";"SW-AMPanel_2013_Imperial_Irr";4483.6997158666
"1280";"CM3_29";"SW-AMPanel_2013_Imperial_Dry";7071.1828921789
"1287";"CM3_38";"SW-AMPanel_2013_Imperial_Irr";6787.4233587558
"1288";"CM3_38";"SW-AMPanel_2013_Imperial_Dry";4967.100343951
"1295";"CM3_81";"SW-AMPanel_2013_Imperial_Irr";7395.3192762076
"1296";"CM3_81";"SW-AMPanel_2013_Imperial_Dry";5177.9572304471
"1303";"CM4_288";"SW-AMPanel_2013_Imperial_Irr";6219.9042919097
"1304";"CM4_288";"SW-AMPanel_2013_Imperial_Dry";3885.8980110662
"1311";"GLADIUS";"SW-AMPanel_2013_Imperial_Irr";6973.6055032152
"1312";"GLADIUS";"SW-AMPanel_2013_Imperial_Dry";2681.3219679976
"1315";"GLENN";"SW-AMPanel_2013_Imperial_Irr";2168.7602811425
"1316";"GLENN";"SW-AMPanel_2013_Imperial_Dry";5429.190967549
"1323";"MOLINEUX";"SW-AMPanel_2013_Imperial_Irr";6545.1622551219
"1324";"MOLINEUX";"SW-AMPanel_2013_Imperial_Dry";4801.1066247944
"1327";"OPATA";"SW-AMPanel_2013_Imperial_Irr";6035.9653058173
"1328";"OPATA";"SW-AMPanel_2013_Imperial_Dry";3558.3968894871
"1331";"PATWIN-515";"SW-AMPanel_2013_Imperial_Irr";6889.6739943173
"1332";"PATWIN-515";"SW-AMPanel_2013_Imperial_Dry";5775.3850755197
"1335";"PAVON";"SW-AMPanel_2013_Imperial_Irr";5322.6409451174
"1336";"PAVON";"SW-AMPanel_2013_Imperial_Dry";4549.8728876925
"1339";"PAVON-1RS";"SW-AMPanel_2013_Imperial_Irr";6735.8307163152
"1340";"PAVON-1RS";"SW-AMPanel_2013_Imperial_Dry";3085.0904740541
"1343";"HIYOKU_KOMUGI";"SW-AMPanel_2013_Imperial_Irr";5562.6588903843
"1344";"HIYOKU_KOMUGI";"SW-AMPanel_2013_Imperial_Dry";4967.100343951
"1347";"MIVHOR1177";"SW-AMPanel_2013_Imperial_Irr";6830.0433677284
"1348";"MIVHOR1177";"SW-AMPanel_2013_Imperial_Dry";5343.9509496037
"1351";"YAFO539";"SW-AMPanel_2013_Imperial_Irr";5214.9693435023
"1352";"YAFO539";"SW-AMPanel_2013_Imperial_Dry";6640.4964857186
"1359";"PRINQUAL";"SW-AMPanel_2013_Imperial_Irr";6897.3381187378
"1360";"PRINQUAL";"SW-AMPanel_2013_Imperial_Dry";4718.1097652161
"1363";"R.R.21";"SW-AMPanel_2013_Imperial_Irr";6031.4789890833
"1364";"R.R.21";"SW-AMPanel_2013_Imperial_Dry";4166.2928069388
"1375";"BOHR_GAMH";"SW-AMPanel_2013_Imperial_Irr";5952.968446239
"1376";"BOHR_GAMH";"SW-AMPanel_2013_Imperial_Dry";4890.8329594736
"1379";"W5672-3-M-6-TM";"SW-AMPanel_2013_Imperial_Irr";5524.5251981457
"1380";"W5672-3-M-6-TM";"SW-AMPanel_2013_Imperial_Dry";4253.7759832511
"1383";"CM39714-5S-2AP-OAP";"SW-AMPanel_2013_Imperial_Irr";6623.6727979662
"1384";"CM39714-5S-2AP-OAP";"SW-AMPanel_2013_Imperial_Dry";4738.2981905189
"1387";"1139";"SW-AMPanel_2013_Imperial_Irr";6937.7149693435
"1388";"1139";"SW-AMPanel_2013_Imperial_Dry";5532.3762524301
"1395";"KULE|PI532278";"SW-AMPanel_2013_Imperial_Irr";4972.7082398684
"1396";"KULE|PI532278";"SW-AMPanel_2013_Imperial_Dry";3957.6790788096
"1399";"LERMA";"SW-AMPanel_2013_Imperial_Irr";5241.8872439061
"1400";"LERMA";"SW-AMPanel_2013_Imperial_Dry";6923.1344399581
"1403";"91IBRST-12";"SW-AMPanel_2013_Imperial_Irr";6744.8033497832
"1404";"91IBRST-12";"SW-AMPanel_2013_Imperial_Dry";4428.7423358756
"1407";"OFAIE";"SW-AMPanel_2013_Imperial_Irr";6237.8495588455
"1408";"OFAIE";"SW-AMPanel_2013_Imperial_Dry";823.98684013758
"1415";"CIGM90.483";"SW-AMPanel_2013_Imperial_Irr";4028.3385673695
"1416";"CIGM90.483";"SW-AMPanel_2013_Imperial_Dry";3681.770599671
"1419";"CIGM91.345-5";"SW-AMPanel_2013_Imperial_Irr";7971.8109765216
"1420";"CIGM91.345-5";"SW-AMPanel_2013_Imperial_Dry";5047.8540451623
"1423";"CIGM98.748-1";"SW-AMPanel_2013_Imperial_Irr";7229.325557051
"1424";"CIGM98.748-1";"SW-AMPanel_2013_Imperial_Dry";4630.6265889038
"1431";"IWA8602446";"SW-AMPanel_2013_Imperial_Irr";6143.6369074323
"1432";"IWA8602446";"SW-AMPanel_2013_Imperial_Dry";4626.1402721699
"1435";"IWA8602676";"SW-AMPanel_2013_Imperial_Irr";5721.92313444
"1436";"IWA8602676";"SW-AMPanel_2013_Imperial_Dry";5429.190967549
"1439";"PUGSLEY";"SW-AMPanel_2013_Imperial_Irr";6758.262299985
"1440";"PUGSLEY";"SW-AMPanel_2013_Imperial_Dry";7313.4439958128
"1443";"SERI82";"SW-AMPanel_2013_Imperial_Irr";7314.5655749963
"1444";"SERI82";"SW-AMPanel_2013_Imperial_Dry";4872.8876925378
"1451";"UC1713";"SW-AMPanel_2013_Imperial_Irr";5955.211604606
"1452";"UC1713";"SW-AMPanel_2013_Imperial_Dry";7324.6597876477
"1455";"UC1715";"SW-AMPanel_2013_Imperial_Irr";5699.4915507701
"1456";"UC1715";"SW-AMPanel_2013_Imperial_Dry";4576.7907880963
"1459";"WORRAKATTA";"SW-AMPanel_2013_Imperial_Irr";6421.7885449379
"1460";"WORRAKATTA";"SW-AMPanel_2013_Imperial_Dry";6259.1595633318
